4,Worst ever!!!,9999-99-99T99:99:99
4,Worst ever!!!,9999-99-99T99:99:99
2,,2025-06-10T12:01:00
4,Worst ever!!!,9999-99-99T99:99:99
2,,2025-06-10T12:01:00
1,Love this product!,2025-06-10T12:00:00
3,Not bad,2025-06-10T12:01:10
1,Love this product!,2025-06-10T12:00:00
4,Worst ever!!!,9999-99-99T99:99:99
1,Love this product!,2025-06-10T12:00:00
3,Not bad,2025-06-10T12:01:10
3,Not bad,2025-06-10T12:01:10
3,Not bad,2025-06-10T12:01:10
1,Love this product!,2025-06-10T12:00:00
3,Not bad,2025-06-10T12:01:10
1,Love this product!,2025-06-10T12:00:00
4,Worst ever!!!,9999-99-99T99:99:99
3,Not bad,2025-06-10T12:01:10
1,Love this product!,2025-06-10T12:00:00
2,,2025-06-10T12:01:00
1,Love this product!,2025-06-10T12:00:00
4,Worst ever!!!,9999-99-99T99:99:99
1,Love this product!,2025-06-10T12:00:00
3,Not bad,2025-06-10T12:01:10
1,Love this product!,2025-06-10T12:00:00
4,Worst ever!!!,9999-99-99T99:99:99
2,,2025-06-10T12:01:00
4,Worst ever!!!,9999-99-99T99:99:99
1,Love this product!,2025-06-10T12:00:00
2,,2025-06-10T12:01:00
1,Love this product!,2025-06-10T12:00:00
1,Love this product!,2025-06-10T12:00:00
1,Love this product!,2025-06-10T12:00:00
1,Love this product!,2025-06-10T12:00:00
3,Not bad,2025-06-10T12:01:10
1,Love this product!,2025-06-10T12:00:00
4,Worst ever!!!,9999-99-99T99:99:99
4,Worst ever!!!,9999-99-99T99:99:99
2,,2025-06-10T12:01:00
4,Worst ever!!!,9999-99-99T99:99:99
4,Worst ever!!!,9999-99-99T99:99:99
1,Love this product!,2025-06-10T12:00:00
1,Love this product!,2025-06-10T12:00:00
2,,2025-06-10T12:01:00
3,Not bad,2025-06-10T12:01:10
1,Love this product!,2025-06-10T12:00:00
2,,2025-06-10T12:01:00
2,,2025-06-10T12:01:00
3,Not bad,2025-06-10T12:01:10
1,Love this product!,2025-06-10T12:00:00
2,,2025-06-10T12:01:00
4,Worst ever!!!,9999-99-99T99:99:99
1,Love this product!,2025-06-10T12:00:00
1,Love this product!,2025-06-10T12:00:00
4,Worst ever!!!,9999-99-99T99:99:99
1,Love this product!,2025-06-10T12:00:00
2,,2025-06-10T12:01:00
3,Not bad,2025-06-10T12:01:10
1,Love this product!,2025-06-10T12:00:00
3,Not bad,2025-06-10T12:01:10
4,Worst ever!!!,9999-99-99T99:99:99
1,Love this product!,2025-06-10T12:00:00
1,Love this product!,2025-06-10T12:00:00
2,,2025-06-10T12:01:00
3,Not bad,2025-06-10T12:01:10
3,Not bad,2025-06-10T12:01:10
4,Worst ever!!!,9999-99-99T99:99:99
2,,2025-06-10T12:01:00
2,,2025-06-10T12:01:00
2,,2025-06-10T12:01:00
4,Worst ever!!!,9999-99-99T99:99:99
2,,2025-06-10T12:01:00
3,Not bad,2025-06-10T12:01:10
3,Not bad,2025-06-10T12:01:10
2,,2025-06-10T12:01:00
4,Worst ever!!!,9999-99-99T99:99:99
1,Love this product!,2025-06-10T12:00:00
1,Love this product!,2025-06-10T12:00:00
2,,2025-06-10T12:01:00
2,,2025-06-10T12:01:00
1,Love this product!,2025-06-10T12:00:00
4,Worst ever!!!,9999-99-99T99:99:99
4,Worst ever!!!,9999-99-99T99:99:99
1,Love this product!,2025-06-10T12:00:00
1,Love this product!,2025-06-10T12:00:00
4,Worst ever!!!,9999-99-99T99:99:99
4,Worst ever!!!,9999-99-99T99:99:99
1,Love this product!,2025-06-10T12:00:00
4,Worst ever!!!,9999-99-99T99:99:99
3,Not bad,2025-06-10T12:01:10
3,Not bad,2025-06-10T12:01:10
1,Love this product!,2025-06-10T12:00:00
4,Worst ever!!!,9999-99-99T99:99:99
3,Not bad,2025-06-10T12:01:10
2,,2025-06-10T12:01:00
2,,2025-06-10T12:01:00
2,,2025-06-10T12:01:00
1,Love this product!,2025-06-10T12:00:00
1,Love this product!,2025-06-10T12:00:00
3,Not bad,2025-06-10T12:01:10
2,,2025-06-10T12:01:00
4,Worst ever!!!,9999-99-99T99:99:99
1,Love this product!,2025-06-10T12:00:00
2,,2025-06-10T12:01:00
1,Love this product!,2025-06-10T12:00:00
1,Love this product!,2025-06-10T12:00:00
1,Love this product!,2025-06-10T12:00:00
4,Worst ever!!!,9999-99-99T99:99:99
1,Love this product!,2025-06-10T12:00:00
3,Not bad,2025-06-10T12:01:10
4,Worst ever!!!,9999-99-99T99:99:99
1,Love this product!,2025-06-10T12:00:00
3,Not bad,2025-06-10T12:01:10
2,,2025-06-10T12:01:00
1,Love this product!,2025-06-10T12:00:00
4,Worst ever!!!,9999-99-99T99:99:99
1,Love this product!,2025-06-10T12:00:00
1,Love this product!,2025-06-10T12:00:00
1,Love this product!,2025-06-10T12:00:00
1,Love this product!,2025-06-10T12:00:00
1,Love this product!,2025-06-10T12:00:00
2,,2025-06-10T12:01:00
4,Worst ever!!!,9999-99-99T99:99:99
4,Worst ever!!!,9999-99-99T99:99:99
4,Worst ever!!!,9999-99-99T99:99:99
4,Worst ever!!!,9999-99-99T99:99:99
4,Worst ever!!!,9999-99-99T99:99:99
1,Love this product!,2025-06-10T12:00:00
3,Not bad,2025-06-10T12:01:10
4,Worst ever!!!,9999-99-99T99:99:99
4,Worst ever!!!,9999-99-99T99:99:99
4,Worst ever!!!,9999-99-99T99:99:99
1,Love this product!,2025-06-10T12:00:00
1,Love this product!,2025-06-10T12:00:00
4,Worst ever!!!,9999-99-99T99:99:99
2,,2025-06-10T12:01:00
1,Love this product!,2025-06-10T12:00:00
3,Not bad,2025-06-10T12:01:10
3,Not bad,2025-06-10T12:01:10
4,Worst ever!!!,9999-99-99T99:99:99
3,Not bad,2025-06-10T12:01:10
1,Love this product!,2025-06-10T12:00:00
2,,2025-06-10T12:01:00
3,Not bad,2025-06-10T12:01:10
4,Worst ever!!!,9999-99-99T99:99:99
1,Love this product!,2025-06-10T12:00:00
1,Love this product!,2025-06-10T12:00:00
3,Not bad,2025-06-10T12:01:10
4,Worst ever!!!,9999-99-99T99:99:99
4,Worst ever!!!,9999-99-99T99:99:99
1,Love this product!,2025-06-10T12:00:00
2,,2025-06-10T12:01:00
3,Not bad,2025-06-10T12:01:10
4,Worst ever!!!,9999-99-99T99:99:99
4,Worst ever!!!,9999-99-99T99:99:99
3,Not bad,2025-06-10T12:01:10
1,Love this product!,2025-06-10T12:00:00
1,Love this product!,2025-06-10T12:00:00
4,Worst ever!!!,9999-99-99T99:99:99
1,Love this product!,2025-06-10T12:00:00
2,,2025-06-10T12:01:00
4,Worst ever!!!,9999-99-99T99:99:99
2,,2025-06-10T12:01:00
1,Love this product!,2025-06-10T12:00:00
1,Love this product!,2025-06-10T12:00:00
4,Worst ever!!!,9999-99-99T99:99:99
2,,2025-06-10T12:01:00
3,Not bad,2025-06-10T12:01:10
1,Love this product!,2025-06-10T12:00:00
3,Not bad,2025-06-10T12:01:10
3,Not bad,2025-06-10T12:01:10
2,,2025-06-10T12:01:00
2,,2025-06-10T12:01:00
2,,2025-06-10T12:01:00
3,Not bad,2025-06-10T12:01:10
1,Love this product!,2025-06-10T12:00:00
3,Not bad,2025-06-10T12:01:10
1,Love this product!,2025-06-10T12:00:00
3,Not bad,2025-06-10T12:01:10
1,Love this product!,2025-06-10T12:00:00
3,Not bad,2025-06-10T12:01:10
2,,2025-06-10T12:01:00
1,Love this product!,2025-06-10T12:00:00
4,Worst ever!!!,9999-99-99T99:99:99
4,Worst ever!!!,9999-99-99T99:99:99
2,,2025-06-10T12:01:00
2,,2025-06-10T12:01:00
1,Love this product!,2025-06-10T12:00:00
3,Not bad,2025-06-10T12:01:10
1,Love this product!,2025-06-10T12:00:00
3,Not bad,2025-06-10T12:01:10
1,Love this product!,2025-06-10T12:00:00
1,Love this product!,2025-06-10T12:00:00
1,Love this product!,2025-06-10T12:00:00
3,Not bad,2025-06-10T12:01:10
1,Love this product!,2025-06-10T12:00:00
3,Not bad,2025-06-10T12:01:10
3,Not bad,2025-06-10T12:01:10
4,Worst ever!!!,9999-99-99T99:99:99
1,Love this product!,2025-06-10T12:00:00
2,,2025-06-10T12:01:00
4,Worst ever!!!,9999-99-99T99:99:99
1,Love this product!,2025-06-10T12:00:00
3,Not bad,2025-06-10T12:01:10
2,,2025-06-10T12:01:00
4,Worst ever!!!,9999-99-99T99:99:99
4,Worst ever!!!,9999-99-99T99:99:99
1,Love this product!,2025-06-10T12:00:00
1,Love this product!,2025-06-10T12:00:00
1,Love this product!,2025-06-10T12:00:00
4,Worst ever!!!,9999-99-99T99:99:99
1,Love this product!,2025-06-10T12:00:00
1,Love this product!,2025-06-10T12:00:00
3,Not bad,2025-06-10T12:01:10
4,Worst ever!!!,9999-99-99T99:99:99
3,Not bad,2025-06-10T12:01:10
2,,2025-06-10T12:01:00
4,Worst ever!!!,9999-99-99T99:99:99
1,Love this product!,2025-06-10T12:00:00
4,Worst ever!!!,9999-99-99T99:99:99
1,Love this product!,2025-06-10T12:00:00
4,Worst ever!!!,9999-99-99T99:99:99
4,Worst ever!!!,9999-99-99T99:99:99
2,,2025-06-10T12:01:00
2,,2025-06-10T12:01:00
1,Love this product!,2025-06-10T12:00:00
4,Worst ever!!!,9999-99-99T99:99:99
1,Love this product!,2025-06-10T12:00:00
4,Worst ever!!!,9999-99-99T99:99:99
3,Not bad,2025-06-10T12:01:10
4,Worst ever!!!,9999-99-99T99:99:99
2,,2025-06-10T12:01:00
2,,2025-06-10T12:01:00
4,Worst ever!!!,9999-99-99T99:99:99
4,Worst ever!!!,9999-99-99T99:99:99
1,Love this product!,2025-06-10T12:00:00
1,Love this product!,2025-06-10T12:00:00
3,Not bad,2025-06-10T12:01:10
3,Not bad,2025-06-10T12:01:10
1,Love this product!,2025-06-10T12:00:00
4,Worst ever!!!,9999-99-99T99:99:99
1,Love this product!,2025-06-10T12:00:00
2,,2025-06-10T12:01:00
1,Love this product!,2025-06-10T12:00:00
1,Love this product!,2025-06-10T12:00:00
4,Worst ever!!!,9999-99-99T99:99:99
1,Love this product!,2025-06-10T12:00:00
3,Not bad,2025-06-10T12:01:10
1,Love this product!,2025-06-10T12:00:00
1,Love this product!,2025-06-10T12:00:00
1,Love this product!,2025-06-10T12:00:00
3,Not bad,2025-06-10T12:01:10
2,,2025-06-10T12:01:00
1,Love this product!,2025-06-10T12:00:00
2,,2025-06-10T12:01:00
1,Love this product!,2025-06-10T12:00:00
2,,2025-06-10T12:01:00
3,Not bad,2025-06-10T12:01:10
3,Not bad,2025-06-10T12:01:10
4,Worst ever!!!,9999-99-99T99:99:99
1,Love this product!,2025-06-10T12:00:00
1,Love this product!,2025-06-10T12:00:00
4,Worst ever!!!,9999-99-99T99:99:99
1,Love this product!,2025-06-10T12:00:00
2,,2025-06-10T12:01:00
1,Love this product!,2025-06-10T12:00:00
2,,2025-06-10T12:01:00
3,Not bad,2025-06-10T12:01:10
2,,2025-06-10T12:01:00
3,Not bad,2025-06-10T12:01:10
4,Worst ever!!!,9999-99-99T99:99:99
4,Worst ever!!!,9999-99-99T99:99:99
1,Love this product!,2025-06-10T12:00:00
1,Love this product!,2025-06-10T12:00:00
2,,2025-06-10T12:01:00
3,Not bad,2025-06-10T12:01:10
1,Love this product!,2025-06-10T12:00:00
4,Worst ever!!!,9999-99-99T99:99:99
3,Not bad,2025-06-10T12:01:10
4,Worst ever!!!,9999-99-99T99:99:99
4,Worst ever!!!,9999-99-99T99:99:99
3,Not bad,2025-06-10T12:01:10
1,Love this product!,2025-06-10T12:00:00
3,Not bad,2025-06-10T12:01:10
2,,2025-06-10T12:01:00
3,Not bad,2025-06-10T12:01:10
1,Love this product!,2025-06-10T12:00:00
3,Not bad,2025-06-10T12:01:10
1,Love this product!,2025-06-10T12:00:00
4,Worst ever!!!,9999-99-99T99:99:99
4,Worst ever!!!,9999-99-99T99:99:99
4,Worst ever!!!,9999-99-99T99:99:99
1,Love this product!,2025-06-10T12:00:00
2,,2025-06-10T12:01:00
1,Love this product!,2025-06-10T12:00:00
1,Love this product!,2025-06-10T12:00:00
1,Love this product!,2025-06-10T12:00:00
3,Not bad,2025-06-10T12:01:10
3,Not bad,2025-06-10T12:01:10
2,,2025-06-10T12:01:00
1,Love this product!,2025-06-10T12:00:00
1,Love this product!,2025-06-10T12:00:00
1,Love this product!,2025-06-10T12:00:00
4,Worst ever!!!,9999-99-99T99:99:99
1,Love this product!,2025-06-10T12:00:00
1,Love this product!,2025-06-10T12:00:00
1,Love this product!,2025-06-10T12:00:00
3,Not bad,2025-06-10T12:01:10
3,Not bad,2025-06-10T12:01:10
1,Love this product!,2025-06-10T12:00:00
3,Not bad,2025-06-10T12:01:10
1,Love this product!,2025-06-10T12:00:00
1,Love this product!,2025-06-10T12:00:00
1,Love this product!,2025-06-10T12:00:00
1,Love this product!,2025-06-10T12:00:00
3,Not bad,2025-06-10T12:01:10
2,,2025-06-10T12:01:00
3,Not bad,2025-06-10T12:01:10
2,,2025-06-10T12:01:00
2,,2025-06-10T12:01:00
1,Love this product!,2025-06-10T12:00:00
2,,2025-06-10T12:01:00
3,Not bad,2025-06-10T12:01:10
1,Love this product!,2025-06-10T12:00:00
1,Love this product!,2025-06-10T12:00:00
3,Not bad,2025-06-10T12:01:10
2,,2025-06-10T12:01:00
4,Worst ever!!!,9999-99-99T99:99:99
3,Not bad,2025-06-10T12:01:10
4,Worst ever!!!,9999-99-99T99:99:99
4,Worst ever!!!,9999-99-99T99:99:99
4,Worst ever!!!,9999-99-99T99:99:99
1,Love this product!,2025-06-10T12:00:00
2,,2025-06-10T12:01:00
3,Not bad,2025-06-10T12:01:10
1,Love this product!,2025-06-10T12:00:00
4,Worst ever!!!,9999-99-99T99:99:99
3,Not bad,2025-06-10T12:01:10
3,Not bad,2025-06-10T12:01:10
4,Worst ever!!!,9999-99-99T99:99:99
4,Worst ever!!!,9999-99-99T99:99:99
3,Not bad,2025-06-10T12:01:10
4,Worst ever!!!,9999-99-99T99:99:99
1,Love this product!,2025-06-10T12:00:00
1,Love this product!,2025-06-10T12:00:00
1,Love this product!,2025-06-10T12:00:00
3,Not bad,2025-06-10T12:01:10
1,Love this product!,2025-06-10T12:00:00
3,Not bad,2025-06-10T12:01:10
2,,2025-06-10T12:01:00
1,Love this product!,2025-06-10T12:00:00
1,Love this product!,2025-06-10T12:00:00
4,Worst ever!!!,9999-99-99T99:99:99
4,Worst ever!!!,9999-99-99T99:99:99
2,,2025-06-10T12:01:00
2,,2025-06-10T12:01:00
2,,2025-06-10T12:01:00
2,,2025-06-10T12:01:00
2,,2025-06-10T12:01:00
3,Not bad,2025-06-10T12:01:10
1,Love this product!,2025-06-10T12:00:00
1,Love this product!,2025-06-10T12:00:00
4,Worst ever!!!,9999-99-99T99:99:99
3,Not bad,2025-06-10T12:01:10
2,,2025-06-10T12:01:00
3,Not bad,2025-06-10T12:01:10
4,Worst ever!!!,9999-99-99T99:99:99
1,Love this product!,2025-06-10T12:00:00
1,Love this product!,2025-06-10T12:00:00
2,,2025-06-10T12:01:00
2,,2025-06-10T12:01:00
1,Love this product!,2025-06-10T12:00:00
1,Love this product!,2025-06-10T12:00:00
